Product Name,Prices,Reviews
"OnePlus 15 5G (Infinite Black, 256 GB)","₹71,441",4.7
"OnePlus 11 5G (Eternal Green, 256 GB)","₹40,938",4.5
"MOTOROLA Signature (PANTONE Martini Olive, 1 TB)","₹69,999",4.6
"OnePlus 12 (Glacial White, 256 GB)","₹45,890",4.3
"Xiaomi 14 CIVI (Aqua Blue, 512 GB)","₹39,990",4.3
"Motorola Edge 50 Ultra 5G (Peach Fuzz, 512 GB)","₹49,999",4.5
"OnePlus Nord 5 5G (Phantom Grey, 256 GB)","₹36,161",4.5
"vivo V40 Pro 5G (Titanium Grey, 256 GB)","₹42,990",4.5
"OPPO Reno14 Pro 5G (Pearl White, 256 GB)","₹49,480",4.5
"OnePlus 13R 5g (Astral Trail, 256 GB)","₹39,716",4.5
"OnePlus 12R (Iron Gray, 128 GB)","₹36,999",4.5
"vivo V30 Pro 5G (Classic Black, 512 GB)","₹43,999",4.5
"OnePlus 11 5G (Marble Odyssey, 256 GB)","₹39,990",4.3
"Google Pixel 8a (Bay, 128 GB)","₹49,999",4.3
"Google Pixel 8a (Porcelain, 128 GB)","₹49,999",4.4
"Samsung Galaxy A36 5G (Awesome Lavender, 256 GB)","₹34,649",4.3
"Samsung Galaxy A55 5G (Awesome Iceblue, 256 GB)","₹33,990",4.6
"Samsung Galaxy S24 Exynos 5G (Amber Yellow, 128 GB)","₹49,999",4.3
"Motorola Edge 50 Ultra 5G (Nordic Wood, 512 GB)","₹49,999",4.3
"Google Pixel 6a (Chalk, 128 GB)","₹29,999",4.4
"vivo X80 (Cosmic Black, 128 GB)","₹43,670",4.3
"Xiaomi 14 CIVI (Cruise Blue, 256 GB)","₹29,598",4.3
"Google Pixel 8a (Obsidian, 128 GB)","₹49,999",4.5
"OPPO Reno13 Pro 5G (Graphite Grey, 512 GB)","₹44,998",
"Google Pixel 8a (Obsidian, 128 GB)","₹49,999",4.3
"OPPO Reno13 Pro 5G (Graphite Grey, 512 GB)","₹44,998",4.5
"MOTOROLA Signature (PANTONE Martini Olive, 1 TB)","₹69,999",4.5
"OPPO Reno13 Pro 5G (Mist Lavender, 256 GB)","₹45,990",4.3
"Google Pixel 6a (Charcoal, 128 GB)","₹43,999",4.5
"vivo V30 Pro 5G (Andaman Blue, 256 GB)","₹38,985",4.6
"Samsung Galaxy S24 Exynos 5G (Cobalt Violet, 128 GB)","₹49,999",4.5
"vivo V30 5G (Andaman Blue, 256 GB)","₹42,899",4.5
"OPPO Reno14 Pro 5G (Pearl White, 512 GB)","₹49,999",4.3
"OPPO Reno10 Pro 5G (Silvery Grey, 256 GB)","₹31,743",4.4
"OPPO Reno 12 5G (Matte Brown, 256 GB)","₹43,999",4.6
"vivo V40 5G (Ganges Blue, 512 GB)","₹41,990",4.4
"OPPO Reno 12 Pro 5G (Space Brown, 256 GB)","₹40,999",4.3
"Samsung Galaxy A55 5G (Awesome Navy, 256 GB)","₹32,785",3.8
"OnePlus 9 5G (Arctic Sky, 128 GB)","₹23,999",4
"OnePlus 10T 5G (Moonstone Black, 256 GB)","₹37,999",4.4
"Samsung Galaxy A36 5G (Awesome Black, 256 GB)","₹34,649",4.6
"OnePlus 12 (Silky Black, 256 GB)","₹57,999",4.3
"OPPO Reno11 5G (Rock Grey, 256 GB)","₹40,999",4.6
"OnePlus 12 (Flowy Emerald, 512 GB)","₹55,799",4.3
"Samsung Galaxy A36 5G (Awesome White, 256 GB)","₹31,949",4.6
"Samsung Galaxy S24 Exynos 5G (Marble Gray, 128 GB)","₹49,999",4.5
"vivo V30 Pro 5G (Andaman Blue, 512 GB)","₹43,999",4.6
"Samsung Galaxy S24 Exynos 5G (Onyx Black, 128 GB)","₹49,999",
"OPPO Reno11 Pro 5G (Rock Grey, 256 GB)","₹32,597",4.4
"Samsung Galaxy A54 5G (Awesome White, 256 GB)","₹45,999",4.3
"OnePlus 10T 5G (Jade Green, 256 GB)","₹34,999",4.1
"OnePlus 12 (Flowy Emerald, 256 GB)","₹51,703",4.6
"MOTOROLA Signature (PANTONE Martini Olive, 1 TB)","₹69,999",4.3
"OPPO Reno10 Pro 5G (Glossy Purple, 256 GB)","₹32,990",4.5
"OnePlus 11R 5G (Galactic Silver, 256 GB)","₹36,666",4.6
"OnePlus 12 (Silky Black, 512 GB)","₹55,799",4.6
"Samsung Galaxy S23 5G (Green, 128 GB)","₹89,999",4.6
"vivo V40 5G (Titanium Grey, 512 GB)","₹44,990",4.3
"OnePlus 10R 5G (Forest Green, 256 GB)","₹34,999",4.3
"Samsung Galaxy A54 5G (Awesome Lime, 256 GB)","₹45,999",4.2
"Samsung Galaxy A73 5G (Awesome Mint, 256 GB)","₹49,990",4.3
"OnePlus 10T 5G (Jade Green, 128 GB)","₹31,299",4.2
"Samsung Galaxy A73 5G (Awesome Gray, 128 GB)","₹47,490",4.4
"Samsung Galaxy S7 (Gold Platinum, 32 GB)","₹46,000",4.6
"Apple iPhone 8 Plus (Gold, 64 GB)","₹49,900",4.3
"Google Pixel 7 Pro (Hazel, 128 GB)","₹44,999",4.6
"Apple iPhone 8 Plus (Silver, 64 GB)","₹49,900",4.5
"vivo V29 5G (Red, 256 GB)","₹32,990",4.4
"IQOO 3 (5G) (Tornado Black, 256 GB)","₹46,990",4.6
"Apple iPhone 8 Plus (Space Grey, 64 GB)","₹49,900",4.6
"Apple iPhone XR (Yellow, 64 GB) (Includes EarPods, Power Adapter)","₹47,900",4.6
"Apple iPhone XR (White, 64 GB) (Includes EarPods, Power Adapter)","₹47,900",
"MOTOROLA Signature (PANTONE Martini Olive, 256 GB)","₹59,999",4.4
"MOTOROLA Signature (PANTONE Martini Olive, 1 TB)","₹69,999",4.5
"realme 15 Pro 5G (Flowing Silver, 512 GB)","₹38,999",4.4
"Google Pixel 9A (Porcelain, 256 GB)","₹39,999",4.5
"MOTOROLA Signature (PANTONE Carbon, 1 TB)","₹69,999",4.4
"vivo T4x 5G (Pronto Purple, 256 GB)","₹18,499",4.7
"realme 16 Pro+ 5G (Master Grey, 256 GB)","₹41,999",4.5
"MOTOROLA Edge 60 Pro (Pantone Dazzling Blue, 512 GB)","₹36,999",4.3
"realme 16 Pro+ 5G (Camellia Pink, 256 GB)","₹44,999",4.2
"vivo V60 5G (Mist Gray, 256 GB)","₹40,999",4.3
"vivo X90 (Asteroid Black, 256 GB)","₹63,999",3.9
"Samsung Galaxy A73 5G (Awesome White, 128 GB)","₹47,490",4
"vivo X90 (Breeze Blue, 256 GB)","₹63,999",4.5
"MOTOROLA razr 40 (Sage Green, 256 GB)","₹41,999",4.1
"OnePlus 6T (Speed Orange, 256 GB)","₹49,999",4.5
"realme GT 6T 5G (Fluid Silver, 512 GB)","₹32,200",4.6
"OnePlus 9RT 5G (Hacker Black, 256 GB)","₹45,998",4.4
"Apple iPhone 6 Plus (Space Grey, 64 GB)","₹48,999",4.6
"Apple iPhone XR (Coral, 64 GB) (Includes EarPods, Power Adapter)","₹47,900",4.5
"vivo X90 (Breeze Blue, 256 GB)","₹59,999",4.6
"Apple iPhone 11 (Yellow, 64 GB)","₹43,900",4.6
"vivo X90 Pro (Legendary Black, 256 GB)","₹74,999",
"Apple iPhone 11 (Purple, 64 GB)","₹43,900",
"Apple iPhone 11 (Green, 64 GB)","₹43,900",
"MOTOROLA Signature (PANTONE Martini Olive, 256 GB)","₹59,999",4.5
"MOTOROLA Signature (PANTONE Martini Olive, 1 TB)","₹69,999",4.4
"OnePlus Nord 5 5G (Phantom Grey, 256 GB)","₹36,161",4.5
"MOTOROLA Edge 60 Pro (Pantone Sparkling Grape, 512 GB)","₹36,999",4.4
"Samsung Galaxy S24 FE 5G (Graphite, 128 GB)","₹39,999",3.8
"realme 16 Pro 5G (Master Gold, 256 GB)","₹36,999",4.5
SBMS Flip Cover for Vivo V27 5G / Vivo V27 Pro 5G Back Cover Case with Magnatic Closure,₹220,4.5
"Samsung Galaxy S24 FE 5G (Mint, 128 GB)","₹39,999",4.5
"Samsung Galaxy S24 FE 5G (Blue, 128 GB)","₹39,999",4.4
"vivo T4 Ultra 5G (Phoenix Gold, 256 GB)","₹35,999",4.4
"realme 16 Pro 5G (Orchid Purple, 256 GB)","₹36,999",4.5
"realme 16 Pro 5G (Pebble Grey, 256 GB)","₹36,999",4.5
"vivo T4 Ultra 5G (Phoenix Gold, 256 GB)","₹37,999",4.4
"realme 16 Pro+ 5G (Master Gold, 128 GB)","₹39,999",4.5
"Samsung Galaxy A55 5G (Awesome Iceblue, 256 GB)","₹29,899",4.5
"vivo T4 Ultra 5G (Meteor Grey, 256 GB)","₹37,999",4.5
"vivo T4 Ultra 5G (Meteor Grey, 256 GB)","₹35,999",4.5
"vivo T4 Ultra 5G (Phoenix Gold, 512 GB)","₹39,999",4.5
"realme Gt 7 (Icesense Black, 256 GB)","₹34,999",4.3
"vivo T4 Ultra 5G (Meteor Grey, 512 GB)","₹39,999",4.3
"realme Gt 7 (Icesense Black, 256 GB)","₹36,999",4.6
"realme Gt 7 (Icesense Blue, 256 GB)","₹36,999",4.4
"IQOO Neo 10 (Titanium Chrome, 256 GB)","₹37,799",
"MOTOROLA Edge 60 Pro (Pantone Dazzling Blue, 512 GB)","₹36,999",
"MOTOROLA Edge 60 Pro (Pantone Dazzling Blue, 512 GB)","₹36,999",4.4
"Samsung Galaxy A55 5G (Awesome Iceblue, 256 GB)","₹33,990",4.3
"MOTOROLA Signature (PANTONE Martini Olive, 256 GB)","₹59,999",4.5
"MOTOROLA Signature (PANTONE Martini Olive, 1 TB)","₹69,999",4.5
"realme GT 7T (Racing Yellow, 256 GB)","₹37,999",4.5
"realme GT 7T (IceSense Blue, 256 GB)","₹37,999",4.3
"MOTOROLA Signature (PANTONE Carbon, 1 TB)","₹69,999",4.3
"realme GT 7T (IceSense Black, 256 GB)","₹37,999",4.3
"Xiaomi 14 CIVI (Hot Pink, 512 GB)","₹36,999",4.5
"Samsung Galaxy A36 5G (Awesome Lavender, 256 GB)","₹31,949",4.3
"Samsung Galaxy A55 5G (Awesome Navy, 256 GB)","₹32,785",4.5
"vivo V60 5G (Moonlit Blue, 256 GB)","₹38,999",4.5
"Xiaomi 14 CIVI (Cruise Blue, 256 GB)","₹29,598",4.5
"vivo V60 5G (Mist Gray, 256 GB)","₹38,999",4.5
"vivo V60 5G (Moonlit Blue, 256 GB)","₹39,669",4.5
"vivo V60 5G (Auspicious Gold, 256 GB)","₹38,999",4.4
"vivo V50 5G (Starry Night, 256 GB)","₹32,489",4.3
"vivo V50 5G (Titanium Grey, 256 GB)","₹34,999",4.4
"realme 15 Pro 5G (Flowing Silver, 256 GB)","₹35,999",4.4
"Samsung Galaxy A36 5G (Awesome Black, 256 GB)","₹31,949",4.5
"realme 15 Pro 5G (Silk Purple, 256 GB)","₹35,999",4.3
"realme 15 Pro 5G (Flowing Silver, 512 GB)","₹38,999",
"vivo V50 5G (Rose Red, 128 GB)","₹32,999",
"Xiaomi 14 CIVI (Aqua Blue, 512 GB)","₹39,990",
"Samsung Galaxy A36 5G (Awesome White, 256 GB)","₹31,949",4.3
"realme 15 Pro 5G (Velvet Green, 256 GB)","₹35,999",4.4
"MOTOROLA Signature (PANTONE Martini Olive, 256 GB)","₹59,999",4.4
"MOTOROLA Signature (PANTONE Martini Olive, 1 TB)","₹69,999",4.2
"Samsung Galaxy A36 5G (Awesome Lavender, 256 GB)","₹34,649",4.4
"OPPO RENO 13 5G (White / Ivory White, 128 GB)","₹35,889",4.5
"OPPO K13 Turbo Pro 5G (Purple Phantom, 256 GB)","₹36,999",4.5
"vivo V50 5G (Starry Night, 512 GB)","₹37,990",4.5
"MOTOROLA Signature (PANTONE Carbon, 1 TB)","₹69,999",4.4
"vivo V50 5G (Starry Night, 256 GB)","₹33,480",4.4
"OnePlus 11 5G (Marble Odyssey, 256 GB)","₹39,990",4.5
"OPPO K13 Turbo Pro 5G (Silver Knight, 256 GB)","₹36,999",4.5
"OPPO K13 Turbo Pro 5G (Midnight Maverick, 256 GB)","₹36,999",4.5
"OnePlus 11R 5G (Galactic Silver, 256 GB)","₹36,666",4.5
"OnePlus Nord 4 5G (Mercurial Silver, 256 GB)","₹35,999",4.5
"vivo V29 Pro 5G (Black, 256 GB)","₹39,999",4.5
"OnePlus 12R (Cool Blue, 128 GB)","₹38,999",4.3
"OnePlus 12R (Iron Gray, 128 GB)","₹36,999",4.2
"OnePlus Nord 4 5G (Obsidian Midnight, 256 GB)","₹35,995",4.5
"Xiaomi 14 CIVI (Panda White, 512 GB)","₹39,990",4.5
"Mi 10T (Cosmic Black, 128 GB)","₹17,990",4.4
"vivo V29 Pro 5G (Blue, 256 GB)","₹37,990",
"vivo V29 Pro 5G (Black, 256 GB)","₹37,990",
"REDMI Note-14 Pro+ 5G (Titan Black, 512 GB)","₹33,995",
"vivo V40 5G (Purple, 128 GB)","₹31,999",4.5
"OPPO Reno11 5G (Rock Grey, 128 GB)","₹28,889",4.3
"REDMI Note 13 Pro+ 5G (Fusion Black, 256 GB)","₹35,999",4.3
"vivo V40 5G (Ganges Blue, 128 GB)","₹31,990",4.5
"MOTOROLA Signature (PANTONE Martini Olive, 256 GB)","₹59,999",4.5
"MOTOROLA Signature (PANTONE Martini Olive, 1 TB)","₹69,999",4.5
"vivo V30 5G (Peacock Green, 128 GB)","₹29,999",3.8
"realme Gt 7 (Icesense Blue, 256 GB)","₹34,999",4
SBMS Flip Cover for Vivo V27 5G / Vivo V27 Pro 5G Back Cover Case with Magnatic Closure,₹220,4.1
"Xiaomi 12 Pro 5G (Couture Blue, 256 GB)","₹35,899",4.3
"OnePlus 10T 5G (Jade Green, 256 GB)","₹34,999",4.1
"REDMI Note 13 Pro+ 5G (Fusion Purple, 256 GB)","₹35,999",4.3
"Samsung Galaxy A53 (Awesome Blue, 128 GB)","₹38,990",4.3
"REDMI Note 13 Pro+ 5G (Fusion Black, 256 GB)","₹35,999",4.4
"OPPO Reno11 5G (Wave Green, 128 GB)","₹25,999",4.3
"REDMI NOTE 14 PRO+ 5G (TITAN BLACK, 512 GB)","₹34,990",4.1
"Mi Mix 2 (Black, 128 GB)","₹37,999",4.1
"Mi 10T (Cosmic Black, 128 GB)","₹37,999",4.2
"Samsung Galaxy A53 (Awesome Black, 128 GB)","₹38,990",4.3
"Samsung Galaxy A52s 5G (Awesome Violet, 128 GB)","₹38,999",4
"Samsung Galaxy A34 5G (Awesome Lime, 128 GB)","₹22,690",4
"Xiaomi 12 Pro 5G (Opera Mauve, 256 GB)","₹35,999",4.3
"OnePlus 10T 5G (Moonstone Black, 256 GB)","₹37,999",
"OPPO Reno8T 5G (Midnight Black, 128 GB)","₹38,999",
